mean_avg_loss,lower_95,upper_95,model
7211.9021228,6126.66994,8332.38468,gradient_boosting
5938.667376400001,4888.87067,7121.764404999999,logistic_regression
4502.254626799999,3678.370365,5418.580249999998,random_forest
