model,brier_score,expected_calibration_error,max_calibration_error
gradient_boosting,0.08622978456727841,0.027081791432374824,0.1559238940204256
random_forest,0.1188655158610728,0.1639669711169318,0.2851999226014026
logistic_regression,0.17813217949353732,0.1973858087558261,0.3106012317517606
