model,scenario,accuracy,precision,recall,f1,auc,tn,fp_false_rejection,fn_false_approval,tp,false_approval_rate,false_rejection_rate,approved_count,approval_rate,gross_profit_if_repaid,realized_default_loss,net_value,avg_loss_per_applicant,avg_net_value_per_applicant
logistic_regression,economic_stress,0.7458333333333333,0.45290927021696253,0.6885307346326837,0.5464009518143962,0.7967667071950524,7113,2219,831,1837,0.31146926536731634,0.23778396913844835,7944,0.662,99776764.15200001,71101366.38,28675397.772000015,5925.113864999999,2389.6164810000014
gradient_boosting,economic_stress,0.8679166666666667,0.8569545154911009,0.487256371814093,0.6212664277180406,0.9040677368131194,9115,217,1368,1300,0.512743628185907,0.02325332190312902,10483,0.8735833333333334,115854551.28,94660218.53999999,21194332.74000001,7888.3515449999995,1766.194395000001
random_forest,economic_stress,0.857,0.6562705187130663,0.7492503748125937,0.6996849842492124,0.9026033489898857,8285,1047,669,1999,0.2507496251874063,0.11219459922846121,8954,0.7461666666666666,110656715.32800001,58334629.14,52322086.18800001,4861.219095,4360.173849000001
