threshold,approval_rate,false_approval_rate,false_rejection_rate,avg_loss_per_applicant,avg_net_value_per_applicant,model
0.16999999999999998,0.6536666666666666,0.14392803598200898,0.20060008572653237,3170.9466,6255.11924,gradient_boosting
0.31999999999999995,0.522,0.08245877061469266,0.35233604800685814,2228.8487999999993,6158.599973333334,random_forest
0.35999999999999993,0.47533333333333333,0.13793103448275862,0.428204029147021,3474.5469999999996,4047.6662800000017,logistic_regression
